﻿<?xml version="1.0" encoding="utf-8"?>
<?xml-stylesheet type="text/xsl" href="file:///C:/PROGRAM FILES (X86)/MICROSOFT VISUAL STUDIO 12.0/COMMON7/IDE/EXTENSIONS/MICROSOFT/ARCHITECTURE TOOLS/EXTENSIBILITY/Logging/CodeGenLog.xslt"?>
<Log xmlns="http://schemas.microsoft.com/VisualStudio/2010/CodeGen.RE.Log" Label="Code Generation/Text Transformation Log">
  <MessageClass Name="Message" Label="Message" Option="Show informational messages" />
  <MessageClass Name="Warning" Label="Warning" Option="Show warnings" />
  <MessageClass Name="Error" Label="Error" Option="Show errors" />
  <MessageClass Name="Property" Label="Property" Option="Show metadata" />
  <MessageClass Name="Diagnostic" Label="Message" Option="Show diagnostic messages" />
  <Message Timestamp="2014-10-19T11:25:58" Importance="High" Text="Code generation or text transformation started." />
  <Message Timestamp="2014-10-19T11:25:58" Importance="Diagnostic" Text="Name = ClassTemplate" />
  <Message Timestamp="2014-10-19T11:25:58" Importance="Diagnostic" Text="Overwrite = True" />
  <Message Timestamp="2014-10-19T11:25:58" Importance="Diagnostic" Text="ProjectPath = ..\ModelingProjectLib\ModelingProjectLib.csproj" />
  <Message Timestamp="2014-10-19T11:25:58" Importance="Diagnostic" Text="TargetDirectory = GeneratedCode\{PackageStructure}" />
  <Message Timestamp="2014-10-19T11:25:58" Importance="Diagnostic" Text="TargetName = {Name}" />
  <Message Timestamp="2014-10-19T11:25:58" Importance="Diagnostic" Text="TemplateFilePath = C:\PROGRAM FILES (X86)\MICROSOFT VISUAL STUDIO 12.0\COMMON7\IDE\EXTENSIONS\MICROSOFT\ARCHITECTURE TOOLS\EXTENSIBILITY\Templates\Text\ClassTemplate.t4" />
  <Message Timestamp="2014-10-19T11:25:58" Importance="Diagnostic" Text="ResolvedTemplateFilePath = C:\PROGRAM FILES (X86)\MICROSOFT VISUAL STUDIO 12.0\COMMON7\IDE\EXTENSIONS\MICROSOFT\ARCHITECTURE TOOLS\EXTENSIBILITY\Templates\Text\ClassTemplate.t4" />
  <Message Timestamp="2014-10-19T11:25:58" Importance="Medium" Text="ModelingProject's Text Template Binding: 'ClassTemplate' will apply ClassTemplate.t4 to: 'ModelingProject::DataModel::Document' -  (Class), 'ModelingProject::DataModel::MachineTranslationVariant' -  (Class), 'ModelingProject::DataModel::Revision' -  (Class), 'ModelingProject::DataModel::Segment' -  (Class), 'ModelingProject::DataModel::Tag' -  (Class), 'ModelingProject::DataModel::TermVariant' -  (Class), 'ModelingProject::DataModel::TranslationMemoryTranslationVariant' -  (Class), 'ModelingProject::DataModel::User' -  (Class) " />
  <Message Timestamp="2014-10-19T11:26:03" Importance="Medium" Text="Project Added: C:\Users\Igor\Desktop\MVA_AzureApiManagement\Src\AzureApiManagement\ModelingProjectLib\ModelingProjectLib.csproj" />
  <Message Timestamp="2014-10-19T11:26:03" Importance="Medium" Text="'ModelingProject::DataModel::Document' -  (Class) : success (file created) - C:\Users\Igor\Desktop\MVA_AzureApiManagement\Src\AzureApiManagement\ModelingProjectLib\GeneratedCode\DataModel\Document.cs" />
  <Message Timestamp="2014-10-19T11:26:03" Importance="Medium" Text="'ModelingProject::DataModel::MachineTranslationVariant' -  (Class) : success (file created) - C:\Users\Igor\Desktop\MVA_AzureApiManagement\Src\AzureApiManagement\ModelingProjectLib\GeneratedCode\DataModel\MachineTranslationVariant.cs" />
  <Message Timestamp="2014-10-19T11:26:04" Importance="Medium" Text="'ModelingProject::DataModel::Revision' -  (Class) : success (file created) - C:\Users\Igor\Desktop\MVA_AzureApiManagement\Src\AzureApiManagement\ModelingProjectLib\GeneratedCode\DataModel\Revision.cs" />
  <Message Timestamp="2014-10-19T11:26:04" Importance="Medium" Text="'ModelingProject::DataModel::Segment' -  (Class) : success (file created) - C:\Users\Igor\Desktop\MVA_AzureApiManagement\Src\AzureApiManagement\ModelingProjectLib\GeneratedCode\DataModel\Segment.cs" />
  <Message Timestamp="2014-10-19T11:26:04" Importance="Medium" Text="'ModelingProject::DataModel::Tag' -  (Class) : success (file created) - C:\Users\Igor\Desktop\MVA_AzureApiManagement\Src\AzureApiManagement\ModelingProjectLib\GeneratedCode\DataModel\Tag.cs" />
  <Message Timestamp="2014-10-19T11:26:05" Importance="Medium" Text="'ModelingProject::DataModel::TermVariant' -  (Class) : success (file created) - C:\Users\Igor\Desktop\MVA_AzureApiManagement\Src\AzureApiManagement\ModelingProjectLib\GeneratedCode\DataModel\TermVariant.cs" />
  <Message Timestamp="2014-10-19T11:26:05" Importance="Medium" Text="'ModelingProject::DataModel::TranslationMemoryTranslationVariant' -  (Class) : success (file created) - C:\Users\Igor\Desktop\MVA_AzureApiManagement\Src\AzureApiManagement\ModelingProjectLib\GeneratedCode\DataModel\TranslationMemoryTranslationVariant.cs" />
  <Message Timestamp="2014-10-19T11:26:05" Importance="Medium" Text="'ModelingProject::DataModel::User' -  (Class) : success (file created) - C:\Users\Igor\Desktop\MVA_AzureApiManagement\Src\AzureApiManagement\ModelingProjectLib\GeneratedCode\DataModel\User.cs" />
  <Message Timestamp="2014-10-19T11:26:05" Importance="Diagnostic" Text="Name = StructTemplate" />
  <Message Timestamp="2014-10-19T11:26:05" Importance="Diagnostic" Text="Overwrite = True" />
  <Message Timestamp="2014-10-19T11:26:05" Importance="Diagnostic" Text="ProjectPath = ..\ModelingProjectLib\ModelingProjectLib.csproj" />
  <Message Timestamp="2014-10-19T11:26:05" Importance="Diagnostic" Text="TargetDirectory = GeneratedCode\{PackageStructure}" />
  <Message Timestamp="2014-10-19T11:26:05" Importance="Diagnostic" Text="TargetName = {Name}" />
  <Message Timestamp="2014-10-19T11:26:05" Importance="Diagnostic" Text="TemplateFilePath = C:\PROGRAM FILES (X86)\MICROSOFT VISUAL STUDIO 12.0\COMMON7\IDE\EXTENSIONS\MICROSOFT\ARCHITECTURE TOOLS\EXTENSIBILITY\Templates\Text\StructTemplate.t4" />
  <Message Timestamp="2014-10-19T11:26:05" Importance="Diagnostic" Text="ResolvedTemplateFilePath = C:\PROGRAM FILES (X86)\MICROSOFT VISUAL STUDIO 12.0\COMMON7\IDE\EXTENSIONS\MICROSOFT\ARCHITECTURE TOOLS\EXTENSIBILITY\Templates\Text\StructTemplate.t4" />
  <Message Timestamp="2014-10-19T11:26:05" Importance="Medium" Text="ModelingProject's Text Template Binding: 'StructTemplate' will apply StructTemplate.t4 to: 'ModelingProject::DataModel::Document' -  (Class), 'ModelingProject::DataModel::MachineTranslationVariant' -  (Class), 'ModelingProject::DataModel::Revision' -  (Class), 'ModelingProject::DataModel::Segment' -  (Class), 'ModelingProject::DataModel::Tag' -  (Class), 'ModelingProject::DataModel::TermVariant' -  (Class), 'ModelingProject::DataModel::TranslationMemoryTranslationVariant' -  (Class), 'ModelingProject::DataModel::User' -  (Class) " />
  <Message Timestamp="2014-10-19T11:26:06" Importance="Diagnostic" Text="'ModelingProject::DataModel::Document' -  (Class): no file generated because the 'AppliesToElement' method of the template 'StructTemplate.t4' evaluated to false." />
  <Message Timestamp="2014-10-19T11:26:06" Importance="Diagnostic" Text="'ModelingProject::DataModel::MachineTranslationVariant' -  (Class): no file generated because the 'AppliesToElement' method of the template 'StructTemplate.t4' evaluated to false." />
  <Message Timestamp="2014-10-19T11:26:06" Importance="Diagnostic" Text="'ModelingProject::DataModel::Revision' -  (Class): no file generated because the 'AppliesToElement' method of the template 'StructTemplate.t4' evaluated to false." />
  <Message Timestamp="2014-10-19T11:26:06" Importance="Diagnostic" Text="'ModelingProject::DataModel::Segment' -  (Class): no file generated because the 'AppliesToElement' method of the template 'StructTemplate.t4' evaluated to false." />
  <Message Timestamp="2014-10-19T11:26:06" Importance="Diagnostic" Text="'ModelingProject::DataModel::Tag' -  (Class): no file generated because the 'AppliesToElement' method of the template 'StructTemplate.t4' evaluated to false." />
  <Message Timestamp="2014-10-19T11:26:06" Importance="Diagnostic" Text="'ModelingProject::DataModel::TermVariant' -  (Class): no file generated because the 'AppliesToElement' method of the template 'StructTemplate.t4' evaluated to false." />
  <Message Timestamp="2014-10-19T11:26:06" Importance="Diagnostic" Text="'ModelingProject::DataModel::TranslationMemoryTranslationVariant' -  (Class): no file generated because the 'AppliesToElement' method of the template 'StructTemplate.t4' evaluated to false." />
  <Message Timestamp="2014-10-19T11:26:06" Importance="Diagnostic" Text="'ModelingProject::DataModel::User' -  (Class): no file generated because the 'AppliesToElement' method of the template 'StructTemplate.t4' evaluated to false." />
  <Message Timestamp="2014-10-19T11:26:06" Importance="Diagnostic" Text="The selection included 1 elements which were not bound to a template." />
  <Message Timestamp="2014-10-19T11:26:06" Importance="Diagnostic" Text="'ModelingProject::DataModel' -  (Package): no bound template." />
  <Message Timestamp="2014-10-19T11:26:06" Importance="High" Text="Code generation complete. Errors: 0. Warnings: 0." />
</Log>